{
	"radios": [
		{
			"id" : "mouv",
			"name": "Le Mouv'",
			"address": "http://mp3.live.tv-radio.com/lemouv/all/lemouvhautdebit.mp3"
		},
		{
			"id" : "neo",
			"name": "Radio Néo",
			"address": "http://stream.radioneo.org:8000/;.mp3"
		},
		{
			"id" : "chillstep",
			"name": "Chillstep",
			"address": "http://96.47.239.155:1984/listen.ogg"
		},
		{
			"id" : "oxyradio",
			"name": "Oxyradio",
			"address": "http://www.oxyradio.net:8000/hd.ogg"
		},
		{
			"id" : "ouifm",
			"name": "Ouï FM",
			"address": "http://ouifm.ice.infomaniak.ch/ouifm-high.mp3"
		},
		{
			"id" : "virgin",
			"name": "Virgin Radio",
			"address": "http://mp3lg4.tdf-cdn.com/9243/lag_164753.mp3"
		},
		{
			"id" : "rtl2",
			"name": "RTL2",
			"address": "http://streaming.radio.rtl2.fr/rtl2-1-44-128.mp3"
		},
		{
			"id" : "franceinfo",
			"name" : "France Info",
			"address" : "http://mp3.live.tv-radio.com/franceinfo/all/franceinfo.mp3"
		},
		{
			"id" : "franceinter",
			"name" : "France Inter",
			"address" : "http://mp3.live.tv-radio.com/franceinter/all/franceinterhautdebit.mp3"
		},
		{
			"id" : "franceculture",
			"name" : "France Culture",
			"address" : "http://mp3.live.tv-radio.com/franceculture/all/franceculturehautdebit.mp3"
		},
		{
			"id" : "francemusique",
			"name" : "France Musique",
			"address" : "http://mp3.live.tv-radio.com/francemusique/all/francemusiquehautdebit.mp3"
		},
		{
			"id" : "fip",
			"name" : "FIP",
			"address" : "http://mp3.live.tv-radio.com/fip/all/fiphautdebit.mp3"
		}
	]
}