{
	"servers": [
		{
			"id" : "mouv",
			"address": " "
		},
		{
			"id" : "neo",
			"address": ""
		},
		{
			"id" : "chillstep",
			"address": "http://96.47.239.155:1984"
		},
		{
			"id" : "oxyradio",
			"address": "http://www.oxyradio.net:8000"
		},
		{
			"id" : "ouifm",
			"address": " "
		},
		{
			"id" : "virgin",
			"address": " "
		},
		{
			"id" : "rtl2",
			"address": ""
		},
		{
			"id" : "franceinfo",
			"address" : " "
		},
		{
			"id" : "franceinter",
			"address" : " "
		},
		{
			"id" : "franceculture",
			"address" : " "
		},
		{
			"id" : "francemusique",
			"address" : " "
		},
		{
			"id" : "fip",
			"address" : " "
		}
	]
}